<?xml version="1.0" encoding="UTF-8"?>
<!DOCTYPE plist PUBLIC "-//Apple//DTD PLIST 1.0//EN" "http://www.apple.com/DTDs/PropertyList-1.0.dtd">
<plist version="1.0">
<dict>
	<key>files</key>
	<dict>
		<key>Headers/EstimoteUWB-Swift.h</key>
		<data>
		X9ICfrhRB1uz/dyfQ4dC1/beq4Q=
		</data>
		<key>Headers/EstimoteUWB.h</key>
		<data>
		BBeiAU+58UKGpwqnd/UUiZsnTfY=
		</data>
		<key>Info.plist</key>
		<data>
		xGkifxXvy8KliRM59jxgxTKWMhY=
		</data>
		<key>Modules/EstimoteUWB.swiftmodule/arm64-apple-ios.swiftdoc</key>
		<data>
		RlxUXwGrmrtlmTGEpmueEPHSJ0w=
		</data>
		<key>Modules/EstimoteUWB.swiftmodule/arm64-apple-ios.swiftinterface</key>
		<data>
		0wBG8nSRg9BjIv3eGO0uYbprPwQ=
		</data>
		<key>Modules/EstimoteUWB.swiftmodule/arm64-apple-ios.swiftmodule</key>
		<data>
		SDcBGTaVi0nQoS/SA1nHV3crO14=
		</data>
		<key>Modules/module.modulemap</key>
		<data>
		b5bXaJ5uPrLBDV7Y10niwhTwdic=
		</data>
		<key>PrivateHeaders/EBSDataParserUtilities.h</key>
		<data>
		vR76Z1yZlmRo+SzfW90mAFNaqAI=
		</data>
		<key>PrivateHeaders/EstimoteUWBPrivate.h</key>
		<data>
		+1wZ+uPUMlmvdAjPIw1mOdHk+Gw=
		</data>
	</dict>
	<key>files2</key>
	<dict>
		<key>Headers/EstimoteUWB-Swift.h</key>
		<dict>
			<key>hash2</key>
			<data>
			XXddkrnOXhIIKKBQkN8aGtzuXCH1knHQjsODaYZ790E=
			</data>
		</dict>
		<key>Headers/EstimoteUWB.h</key>
		<dict>
			<key>hash2</key>
			<data>
			9JUufRNGOCUg6ouOOgYM786JXtimg95J7Wlql3i3mYA=
			</data>
		</dict>
		<key>Modules/EstimoteUWB.swiftmodule/arm64-apple-ios.swiftdoc</key>
		<dict>
			<key>hash2</key>
			<data>
			oIZ7WNJn6cZSZnrRNRrzHTKx0zjst+TrHl4YjWmTm/I=
			</data>
		</dict>
		<key>Modules/EstimoteUWB.swiftmodule/arm64-apple-ios.swiftinterface</key>
		<dict>
			<key>hash2</key>
			<data>
			8zgnGZAkqOc5BWEQCbtO0UmH+lw0lBhdHExRfgm12ck=
			</data>
		</dict>
		<key>Modules/EstimoteUWB.swiftmodule/arm64-apple-ios.swiftmodule</key>
		<dict>
			<key>hash2</key>
			<data>
			jK5fCrirz+D3okJaxTTcRPPRhfWSjie8TOPBU3XUpuc=
			</data>
		</dict>
		<key>Modules/module.modulemap</key>
		<dict>
			<key>hash2</key>
			<data>
			gozNa+vM4ViOYUvfP0ki9zvtrJQM5Ci7izZ17NvALQs=
			</data>
		</dict>
		<key>PrivateHeaders/EBSDataParserUtilities.h</key>
		<dict>
			<key>hash2</key>
			<data>
			godPf9owSZyElplqA/7sGy5hnoFSHK4si0/x300gk18=
			</data>
		</dict>
		<key>PrivateHeaders/EstimoteUWBPrivate.h</key>
		<dict>
			<key>hash2</key>
			<data>
			EZY/4iJWVN8Zaebe3u4A0ruv8j/oBzwaphknHZt4BLk=
			</data>
		</dict>
	</dict>
	<key>rules</key>
	<dict>
		<key>^.*</key>
		<true/>
		<key>^.*\.lproj/</key>
		<dict>
			<key>optional</key>
			<true/>
			<key>weight</key>
			<real>1000</real>
		</dict>
		<key>^.*\.lproj/locversion.plist$</key>
		<dict>
			<key>omit</key>
			<true/>
			<key>weight</key>
			<real>1100</real>
		</dict>
		<key>^Base\.lproj/</key>
		<dict>
			<key>weight</key>
			<real>1010</real>
		</dict>
		<key>^version.plist$</key>
		<true/>
	</dict>
	<key>rules2</key>
	<dict>
		<key>.*\.dSYM($|/)</key>
		<dict>
			<key>weight</key>
			<real>11</real>
		</dict>
		<key>^(.*/)?\.DS_Store$</key>
		<dict>
			<key>omit</key>
			<true/>
			<key>weight</key>
			<real>2000</real>
		</dict>
		<key>^.*</key>
		<true/>
		<key>^.*\.lproj/</key>
		<dict>
			<key>optional</key>
			<true/>
			<key>weight</key>
			<real>1000</real>
		</dict>
		<key>^.*\.lproj/locversion.plist$</key>
		<dict>
			<key>omit</key>
			<true/>
			<key>weight</key>
			<real>1100</real>
		</dict>
		<key>^Base\.lproj/</key>
		<dict>
			<key>weight</key>
			<real>1010</real>
		</dict>
		<key>^Info\.plist$</key>
		<dict>
			<key>omit</key>
			<true/>
			<key>weight</key>
			<real>20</real>
		</dict>
		<key>^PkgInfo$</key>
		<dict>
			<key>omit</key>
			<true/>
			<key>weight</key>
			<real>20</real>
		</dict>
		<key>^embedded\.provisionprofile$</key>
		<dict>
			<key>weight</key>
			<real>20</real>
		</dict>
		<key>^version\.plist$</key>
		<dict>
			<key>weight</key>
			<real>20</real>
		</dict>
	</dict>
</dict>
</plist>
