<?xml version="1.0" encoding="UTF-8"?>
<!DOCTYPE plist PUBLIC "-//Apple//DTD PLIST 1.0//EN" "http://www.apple.com/DTDs/PropertyList-1.0.dtd">
<plist version="1.0">
<dict>
	<key>files</key>
	<dict>
		<key>Headers/EstimoteUWB-Swift.h</key>
		<data>
		hb0MDMY2O3o7BTTPSH9JsPWdlSk=
		</data>
		<key>Headers/EstimoteUWB.h</key>
		<data>
		BBeiAU+58UKGpwqnd/UUiZsnTfY=
		</data>
		<key>Info.plist</key>
		<data>
		ZdJajpyRNKxF2uiAM2Y3l3Cumd0=
		</data>
		<key>Modules/EstimoteUWB.swiftmodule/arm64-apple-ios-simulator.swiftdoc</key>
		<data>
		Rhw1N0B0wm9CB3vx78Pb2ddkR0Q=
		</data>
		<key>Modules/EstimoteUWB.swiftmodule/arm64-apple-ios-simulator.swiftinterface</key>
		<data>
		jiUF6/g41YbbxHAb2xd+EYNj8/Q=
		</data>
		<key>Modules/EstimoteUWB.swiftmodule/arm64-apple-ios-simulator.swiftmodule</key>
		<data>
		N+aajUJn+L8kDKvVqWSVBcbl6FE=
		</data>
		<key>Modules/EstimoteUWB.swiftmodule/x86_64-apple-ios-simulator.swiftdoc</key>
		<data>
		SfrCEZxr2twKbNgP4rF0EgQhpzo=
		</data>
		<key>Modules/EstimoteUWB.swiftmodule/x86_64-apple-ios-simulator.swiftinterface</key>
		<data>
		BnCTaZRKKr8DfJuU1rWXPQYuHgs=
		</data>
		<key>Modules/EstimoteUWB.swiftmodule/x86_64-apple-ios-simulator.swiftmodule</key>
		<data>
		RpjrjVwgD87r1yejrJoAlFtjNiQ=
		</data>
		<key>Modules/module.modulemap</key>
		<data>
		b5bXaJ5uPrLBDV7Y10niwhTwdic=
		</data>
		<key>PrivateHeaders/EBSDataParserUtilities.h</key>
		<data>
		vR76Z1yZlmRo+SzfW90mAFNaqAI=
		</data>
		<key>PrivateHeaders/EstimoteUWBPrivate.h</key>
		<data>
		+1wZ+uPUMlmvdAjPIw1mOdHk+Gw=
		</data>
	</dict>
	<key>files2</key>
	<dict>
		<key>Headers/EstimoteUWB-Swift.h</key>
		<dict>
			<key>hash2</key>
			<data>
			SdlLZdZoH19/VJOoGywjJewdiNSjzGbLApbrZpX5/rU=
			</data>
		</dict>
		<key>Headers/EstimoteUWB.h</key>
		<dict>
			<key>hash2</key>
			<data>
			9JUufRNGOCUg6ouOOgYM786JXtimg95J7Wlql3i3mYA=
			</data>
		</dict>
		<key>Modules/EstimoteUWB.swiftmodule/arm64-apple-ios-simulator.swiftdoc</key>
		<dict>
			<key>hash2</key>
			<data>
			ZJV3VELzw9INhwWST1YxsQoZi6kBEL7b/wvOOOXy8BM=
			</data>
		</dict>
		<key>Modules/EstimoteUWB.swiftmodule/arm64-apple-ios-simulator.swiftinterface</key>
		<dict>
			<key>hash2</key>
			<data>
			XcJzCkZAeM/L/iP/6nJoImgJd4/T2bfdMq2UFoLbdu4=
			</data>
		</dict>
		<key>Modules/EstimoteUWB.swiftmodule/arm64-apple-ios-simulator.swiftmodule</key>
		<dict>
			<key>hash2</key>
			<data>
			fALx7awZpKixUJQMc507L3Ps0BkhxmzhQtr/nDP1hA8=
			</data>
		</dict>
		<key>Modules/EstimoteUWB.swiftmodule/x86_64-apple-ios-simulator.swiftdoc</key>
		<dict>
			<key>hash2</key>
			<data>
			e6/LaYJe0QSIv+fVlfNkr0I4KO5sjpe+OcR5FDOZBkA=
			</data>
		</dict>
		<key>Modules/EstimoteUWB.swiftmodule/x86_64-apple-ios-simulator.swiftinterface</key>
		<dict>
			<key>hash2</key>
			<data>
			fXoTsDMlBQJbXx4Km6HrSv2nKk8b0mfM1sm/Cj+ML+8=
			</data>
		</dict>
		<key>Modules/EstimoteUWB.swiftmodule/x86_64-apple-ios-simulator.swiftmodule</key>
		<dict>
			<key>hash2</key>
			<data>
			ftwpkAytLb8lbsb0aZB28hucW7HW5q0HL9LPwbo9IY4=
			</data>
		</dict>
		<key>Modules/module.modulemap</key>
		<dict>
			<key>hash2</key>
			<data>
			gozNa+vM4ViOYUvfP0ki9zvtrJQM5Ci7izZ17NvALQs=
			</data>
		</dict>
		<key>PrivateHeaders/EBSDataParserUtilities.h</key>
		<dict>
			<key>hash2</key>
			<data>
			godPf9owSZyElplqA/7sGy5hnoFSHK4si0/x300gk18=
			</data>
		</dict>
		<key>PrivateHeaders/EstimoteUWBPrivate.h</key>
		<dict>
			<key>hash2</key>
			<data>
			EZY/4iJWVN8Zaebe3u4A0ruv8j/oBzwaphknHZt4BLk=
			</data>
		</dict>
	</dict>
	<key>rules</key>
	<dict>
		<key>^.*</key>
		<true/>
		<key>^.*\.lproj/</key>
		<dict>
			<key>optional</key>
			<true/>
			<key>weight</key>
			<real>1000</real>
		</dict>
		<key>^.*\.lproj/locversion.plist$</key>
		<dict>
			<key>omit</key>
			<true/>
			<key>weight</key>
			<real>1100</real>
		</dict>
		<key>^Base\.lproj/</key>
		<dict>
			<key>weight</key>
			<real>1010</real>
		</dict>
		<key>^version.plist$</key>
		<true/>
	</dict>
	<key>rules2</key>
	<dict>
		<key>.*\.dSYM($|/)</key>
		<dict>
			<key>weight</key>
			<real>11</real>
		</dict>
		<key>^(.*/)?\.DS_Store$</key>
		<dict>
			<key>omit</key>
			<true/>
			<key>weight</key>
			<real>2000</real>
		</dict>
		<key>^.*</key>
		<true/>
		<key>^.*\.lproj/</key>
		<dict>
			<key>optional</key>
			<true/>
			<key>weight</key>
			<real>1000</real>
		</dict>
		<key>^.*\.lproj/locversion.plist$</key>
		<dict>
			<key>omit</key>
			<true/>
			<key>weight</key>
			<real>1100</real>
		</dict>
		<key>^Base\.lproj/</key>
		<dict>
			<key>weight</key>
			<real>1010</real>
		</dict>
		<key>^Info\.plist$</key>
		<dict>
			<key>omit</key>
			<true/>
			<key>weight</key>
			<real>20</real>
		</dict>
		<key>^PkgInfo$</key>
		<dict>
			<key>omit</key>
			<true/>
			<key>weight</key>
			<real>20</real>
		</dict>
		<key>^embedded\.provisionprofile$</key>
		<dict>
			<key>weight</key>
			<real>20</real>
		</dict>
		<key>^version\.plist$</key>
		<dict>
			<key>weight</key>
			<real>20</real>
		</dict>
	</dict>
</dict>
</plist>
