<?xml version="1.0" encoding="UTF-8"?>
<document type="com.apple.InterfaceBuilder3.CocoaTouch.Storyboard.XIB" version="3.0" toolsVersion="21507" targetRuntime="iOS.CocoaTouch" propertyAccessControl="none" useAutolayout="YES" useTraitCollections="YES" useSafeAreas="YES" colorMatched="YES" initialViewController="Y6W-OH-hqX">
    <device id="retina6_12" orientation="portrait" appearance="light"/>
    <dependencies>
        <deployment identifier="iOS"/>
        <plugIn identifier="com.apple.InterfaceBuilder.IBCocoaTouchPlugin" version="21505"/>
        <capability name="Safe area layout guides" minToolsVersion="9.0"/>
        <capability name="System colors in document resources" minToolsVersion="11.0"/>
        <capability name="documents saved in the Xcode 8 format" minToolsVersion="8.0"/>
    </dependencies>
    <scenes>
        <!--BluetoothController-->
        <scene sceneID="s0d-6b-0kx">
            <objects>
                <viewController storyboardIdentifier="BluetoothController" title="BluetoothController" useStoryboardIdentifierAsRestorationIdentifier="YES" id="Y6W-OH-hqX" customClass="BluetoothController" customModule="uwbtestapp" customModuleProvider="target" sceneMemberID="viewController">
                    <view key="view" contentMode="scaleToFill" id="sVG-zG-8eh">
                        <rect key="frame" x="0.0" y="0.0" width="393" height="852"/>
                        <autoresizingMask key="autoresizingMask" flexibleMaxX="YES" flexibleMaxY="YES"/>
                        <subviews>
                            <label opaque="NO" userInteractionEnabled="NO" contentMode="left" horizontalHuggingPriority="251" verticalHuggingPriority="251" fixedFrame="YES" text="" textAlignment="natural" lineBreakMode="tailTruncation" baselineAdjustment="alignBaselines" adjustsFontSizeToFit="NO" translatesAutoresizingMaskIntoConstraints="NO" id="g33-SI-zfF">
                                <rect key="frame" x="70" y="507" width="361" height="21"/>
                                <autoresizingMask key="autoresizingMask" flexibleMaxX="YES" flexibleMaxY="YES"/>
                                <fontDescription key="fontDescription" name="HelveticaNeue-CondensedBold" family="Helvetica Neue" pointSize="16"/>
                                <nil key="textColor"/>
                                <nil key="highlightedColor"/>
                            </label>
                            <imageView clipsSubviews="YES" userInteractionEnabled="NO" contentMode="scaleAspectFit" horizontalHuggingPriority="251" verticalHuggingPriority="251" fixedFrame="YES" image="lemon_large" translatesAutoresizingMaskIntoConstraints="NO" id="FXL-rk-21v">
                                <rect key="frame" x="8" y="456" width="55" height="122"/>
                                <autoresizingMask key="autoresizingMask" flexibleMaxX="YES" flexibleMaxY="YES"/>
                            </imageView>
                            <label opaque="NO" userInteractionEnabled="NO" contentMode="left" horizontalHuggingPriority="251" verticalHuggingPriority="251" fixedFrame="YES" text="" textAlignment="natural" lineBreakMode="tailTruncation" baselineAdjustment="alignBaselines" adjustsFontSizeToFit="NO" translatesAutoresizingMaskIntoConstraints="NO" id="qGf-Pc-KDj">
                                <rect key="frame" x="70" y="619" width="361" height="21"/>
                                <autoresizingMask key="autoresizingMask" flexibleMaxX="YES" flexibleMaxY="YES"/>
                                <fontDescription key="fontDescription" name="HelveticaNeue-CondensedBold" family="Helvetica Neue" pointSize="16"/>
                                <nil key="textColor"/>
                                <nil key="highlightedColor"/>
                            </label>
                            <label opaque="NO" userInteractionEnabled="NO" contentMode="left" horizontalHuggingPriority="251" verticalHuggingPriority="251" fixedFrame="YES" text="" textAlignment="natural" lineBreakMode="tailTruncation" baselineAdjustment="alignBaselines" adjustsFontSizeToFit="NO" translatesAutoresizingMaskIntoConstraints="NO" id="ZDa-2u-hue">
                                <rect key="frame" x="70" y="731" width="361" height="21"/>
                                <autoresizingMask key="autoresizingMask" flexibleMaxX="YES" flexibleMaxY="YES"/>
                                <fontDescription key="fontDescription" name="HelveticaNeue-CondensedBold" family="Helvetica Neue" pointSize="16"/>
                                <nil key="textColor"/>
                                <nil key="highlightedColor"/>
                            </label>
                            <imageView clipsSubviews="YES" userInteractionEnabled="NO" contentMode="scaleAspectFit" horizontalHuggingPriority="251" verticalHuggingPriority="251" fixedFrame="YES" image="coconut_large" translatesAutoresizingMaskIntoConstraints="NO" id="4jv-S8-Yil">
                                <rect key="frame" x="8" y="568" width="55" height="122"/>
                                <autoresizingMask key="autoresizingMask" flexibleMaxX="YES" flexibleMaxY="YES"/>
                            </imageView>
                            <imageView clipsSubviews="YES" userInteractionEnabled="NO" contentMode="scaleAspectFit" horizontalHuggingPriority="251" verticalHuggingPriority="251" fixedFrame="YES" image="caramel_large" translatesAutoresizingMaskIntoConstraints="NO" id="m1W-5S-fCo">
                                <rect key="frame" x="8" y="680" width="55" height="122"/>
                                <autoresizingMask key="autoresizingMask" flexibleMaxX="YES" flexibleMaxY="YES"/>
                            </imageView>
                            <label opaque="NO" userInteractionEnabled="NO" contentMode="left" horizontalHuggingPriority="251" verticalHuggingPriority="251" fixedFrame="YES" text="" textAlignment="center" lineBreakMode="tailTruncation" baselineAdjustment="alignBaselines" highlighted="YES" adjustsFontSizeToFit="NO" translatesAutoresizingMaskIntoConstraints="NO" id="R7F-on-XdC" colorLabel="IBBuiltInLabel-Purple">
                                <rect key="frame" x="8" y="462" width="361" height="21"/>
                                <autoresizingMask key="autoresizingMask" flexibleMaxX="YES" flexibleMaxY="YES"/>
                                <fontDescription key="fontDescription" name="HelveticaNeue" family="Helvetica Neue" pointSize="16"/>
                                <color key="textColor" systemColor="systemIndigoColor"/>
                                <nil key="highlightedColor"/>
                            </label>
                        </subviews>
                        <viewLayoutGuide key="safeArea" id="0t8-x0-Wkv"/>
                        <color key="backgroundColor" systemColor="systemBackgroundColor"/>
                    </view>
                    <connections>
                        <outlet property="CaramelBeaconText" destination="ZDa-2u-hue" id="Sd1-TN-YYq"/>
                        <outlet property="CoconutBeaconText" destination="qGf-Pc-KDj" id="kFr-jJ-vr7"/>
                        <outlet property="LemonBeaconText" destination="g33-SI-zfF" id="88k-iB-CDe"/>
                        <outlet property="LocalizationText" destination="R7F-on-XdC" id="g9W-Oc-8ro"/>
                    </connections>
                </viewController>
                <placeholder placeholderIdentifier="IBFirstResponder" id="Ief-a0-LHa" userLabel="First Responder" customClass="UIResponder" sceneMemberID="firstResponder"/>
            </objects>
            <point key="canvasLocation" x="101.5267175572519" y="29.577464788732396"/>
        </scene>
    </scenes>
    <resources>
        <image name="caramel_large" width="163" height="240"/>
        <image name="coconut_large" width="164" height="241"/>
        <image name="lemon_large" width="160" height="240"/>
        <systemColor name="systemBackgroundColor">
            <color white="1" alpha="1" colorSpace="custom" customColorSpace="genericGamma22GrayColorSpace"/>
        </systemColor>
        <systemColor name="systemIndigoColor">
            <color red="0.34509803921568627" green="0.33725490196078434" blue="0.83921568627450982" alpha="1" colorSpace="custom" customColorSpace="sRGB"/>
        </systemColor>
    </resources>
</document>
