<?xml version="1.0" encoding="UTF-8"?>
<document type="com.apple.InterfaceBuilder3.CocoaTouch.Storyboard.XIB" version="3.0" toolsVersion="21507" targetRuntime="iOS.CocoaTouch" propertyAccessControl="none" useAutolayout="YES" useTraitCollections="YES" useSafeAreas="YES" colorMatched="YES" initialViewController="Y6W-OH-hqX">
    <device id="retina6_12" orientation="portrait" appearance="light"/>
    <dependencies>
        <deployment identifier="iOS"/>
        <plugIn identifier="com.apple.InterfaceBuilder.IBCocoaTouchPlugin" version="21505"/>
        <capability name="Safe area layout guides" minToolsVersion="9.0"/>
        <capability name="System colors in document resources" minToolsVersion="11.0"/>
        <capability name="documents saved in the Xcode 8 format" minToolsVersion="8.0"/>
    </dependencies>
    <scenes>
        <!--VoiceController-->
        <scene sceneID="s0d-6b-0kx">
            <objects>
                <viewController storyboardIdentifier="VoiceController" title="VoiceController" useStoryboardIdentifierAsRestorationIdentifier="YES" id="Y6W-OH-hqX" customClass="VoiceController" customModule="uwbtestapp" customModuleProvider="target" sceneMemberID="viewController">
                    <view key="view" contentMode="scaleToFill" id="ytN-mK-Kq3">
                        <rect key="frame" x="0.0" y="0.0" width="393" height="852"/>
                        <autoresizingMask key="autoresizingMask" flexibleMaxX="YES" flexibleMaxY="YES"/>
                        <subviews>
                            <button opaque="NO" contentMode="scaleToFill" fixedFrame="YES" contentHorizontalAlignment="center" contentVerticalAlignment="center" buttonType="system" lineBreakMode="middleTruncation" translatesAutoresizingMaskIntoConstraints="NO" id="nNa-Gx-rHS">
                                <rect key="frame" x="130" y="581" width="112.5" height="67"/>
                                <autoresizingMask key="autoresizingMask" flexibleMaxX="YES" flexibleMaxY="YES"/>
                                <color key="backgroundColor" white="0.66666666669999997" alpha="1" colorSpace="calibratedWhite"/>
                                <fontDescription key="fontDescription" name="AvenirNext-Regular" family="Avenir Next" pointSize="20"/>
                                <state key="normal" title="Start / Stop">
                                    <color key="titleColor" white="1" alpha="1" colorSpace="calibratedWhite"/>
                                </state>
                                <connections>
                                    <action selector="startButtonTapped:" destination="Y6W-OH-hqX" eventType="touchUpInside" id="kha-ML-sAu"/>
                                </connections>
                            </button>
                            <label opaque="NO" userInteractionEnabled="NO" contentMode="left" horizontalHuggingPriority="251" verticalHuggingPriority="251" fixedFrame="YES" text="Say a color name!" textAlignment="natural" lineBreakMode="tailTruncation" baselineAdjustment="alignBaselines" adjustsFontSizeToFit="NO" translatesAutoresizingMaskIntoConstraints="NO" id="4Co-K9-DCQ">
                                <rect key="frame" x="117" y="666" width="138" height="24"/>
                                <autoresizingMask key="autoresizingMask" flexibleMaxX="YES" flexibleMaxY="YES"/>
                                <fontDescription key="fontDescription" name="AvenirNext-Regular" family="Avenir Next" pointSize="17"/>
                                <nil key="textColor"/>
                                <nil key="highlightedColor"/>
                            </label>
                        </subviews>
                        <viewLayoutGuide key="safeArea" id="g5j-o2-Ch6"/>
                        <color key="backgroundColor" systemColor="systemBackgroundColor"/>
                    </view>
                    <connections>
                        <outlet property="detectedTextLabel" destination="4Co-K9-DCQ" id="dKB-Iy-BQa"/>
                        <outlet property="startButton" destination="nNa-Gx-rHS" id="blI-rq-iVS"/>
                    </connections>
                </viewController>
                <placeholder placeholderIdentifier="IBFirstResponder" id="Ief-a0-LHa" userLabel="First Responder" customClass="UIResponder" sceneMemberID="firstResponder"/>
            </objects>
            <point key="canvasLocation" x="46.564885496183201" y="-2.1126760563380285"/>
        </scene>
    </scenes>
    <resources>
        <systemColor name="systemBackgroundColor">
            <color white="1" alpha="1" colorSpace="custom" customColorSpace="genericGamma22GrayColorSpace"/>
        </systemColor>
    </resources>
</document>
